"TestCaseId","RevisionDate","OldState","NewState"
"2702872","2026-06-03T01:06:40.563Z","","Design"
"2702877","2026-06-03T01:22:57.46Z","","Design"
"2702877","2026-06-10T13:59:46.067Z","Design","Closed"
"2702877","2026-06-14T05:27:50.43Z","Closed","Design"
"2702914","2026-06-03T02:08:42.847Z","","Design"
"2702914","2026-07-24T03:18:11.08Z","Design","Ready"
"2702915","2026-06-03T02:08:55.48Z","","Design"
"2702915","2026-07-21T00:36:08.9Z","Design","Ready"
"2709567","2026-06-08T12:06:59.32Z","","Design"
"2709567","2026-06-10T02:09:22.79Z","Design","Ready"
"2709567","2026-06-10T02:09:38.087Z","Ready","Design"
"2709567","2026-07-21T00:36:16.237Z","Design","Ready"
"2709570","2026-06-08T12:09:12.1Z","","Design"
"2709570","2026-07-21T00:36:22.587Z","Design","Ready"
"2709571","2026-06-08T12:10:25.17Z","","Design"
"2709571","2026-07-21T00:36:26.897Z","Design","Ready"
"2709573","2026-06-08T12:11:21.567Z","","Design"
"2709573","2026-07-21T00:36:31.077Z","Design","Ready"
"2709579","2026-06-08T12:12:31.687Z","","Design"
"2709579","2026-07-21T00:36:36.2Z","Design","Ready"
"2709582","2026-06-08T12:13:17.93Z","","Design"
"2709582","2026-07-21T00:36:40.917Z","Design","Ready"
"2709583","2026-06-08T12:14:12.717Z","","Design"
"2709583","2026-07-21T00:36:46.247Z","Design","Ready"
"2709586","2026-06-08T12:14:58.17Z","","Design"
"2709586","2026-07-21T00:36:51.433Z","Design","Ready"
"2709589","2026-06-08T12:16:19.497Z","","Design"
"2709589","2026-07-21T00:36:57.863Z","Design","Ready"
"2709597","2026-06-08T12:17:30.113Z","","Design"
"2709597","2026-07-21T00:37:06.833Z","Design","Ready"
"2709600","2026-06-08T12:18:35.233Z","","Design"
"2709600","2026-07-21T00:37:18.31Z","Design","Ready"
"2712973","2026-06-10T02:39:52.413Z","","Design"
"2712973","2026-07-28T06:12:06.83Z","Design","Ready"
"2719281","2026-06-14T07:55:40.113Z","","Design"
"2719281","2026-06-15T00:39:35.09Z","Design","Ready"
"2719281","2026-07-28T06:13:06.64Z","Ready","Design"
"2719282","2026-06-14T07:55:42.16Z","","Design"
"2719282","2026-07-28T06:12:43.837Z","Design","Ready"
"2719283","2026-06-14T07:55:42.293Z","","Design"
"2719284","2026-06-14T07:55:42.38Z","","Design"
"2719285","2026-06-14T07:55:42.467Z","","Design"
"2719285","2026-07-28T06:13:16.313Z","Design","Ready"
"2719286","2026-06-14T07:55:42.573Z","","Design"
"2719286","2026-07-28T06:12:14.957Z","Design","Ready"
"2719287","2026-06-14T07:55:42.66Z","","Design"
"2719287","2026-07-21T00:35:44.903Z","Design","Ready"
"2719288","2026-06-14T07:55:42.773Z","","Design"
"2719288","2026-07-28T06:13:24.23Z","Design","Ready"
"2719289","2026-06-14T07:55:42.867Z","","Design"
"2719289","2026-07-28T06:13:31.75Z","Design","Ready"
"2719291","2026-06-14T07:55:43.037Z","","Design"
"2719291","2026-07-28T06:12:53.377Z","Design","Ready"
"2719292","2026-06-14T07:55:43.12Z","","Design"
"2719292","2026-07-28T06:12:25.697Z","Design","Ready"
"2719293","2026-06-14T07:55:43.21Z","","Design"
"2719293","2026-07-28T06:12:36.7Z","Design","Ready"
"2725313","2026-06-18T07:26:11.77Z","","Design"
"2725313","2026-07-28T06:14:17.13Z","Design","Ready"
"2725314","2026-06-18T07:27:01.723Z","","Design"
"2725314","2026-07-28T06:14:09.917Z","Design","Ready"
"2725316","2026-06-18T07:27:56.763Z","","Design"
"2725316","2026-07-28T06:14:47.417Z","Design","Ready"
"2725317","2026-06-18T07:28:46.913Z","","Design"
"2725317","2026-07-28T06:14:23.003Z","Design","Ready"
"2725318","2026-06-18T07:29:34.173Z","","Design"
"2725318","2026-07-28T06:13:39.54Z","Design","Ready"
"2743974","2026-06-29T04:33:50.23Z","","Design"
"2743974","2026-07-21T00:34:59.817Z","Design","Ready"
"2748711","2026-07-01T08:00:15.91Z","","Design"
"2748711","2026-09-09T00:39:07.67Z","Design","Ready"
"2748752","2026-07-01T08:01:22.563Z","","Design"
"2748752","2026-09-09T00:38:25.607Z","Design","Ready"
"2748773","2026-07-01T08:03:42.623Z","","Design"
"2748773","2026-09-09T00:38:36.023Z","Design","Ready"
"2748774","2026-07-01T08:04:05.413Z","","Design"
"2748774","2026-09-09T00:38:44.093Z","Design","Ready"
"2750353","2026-07-02T00:50:27.86Z","","Design"
"2750355","2026-07-02T00:51:09.343Z","","Design"
"2750356","2026-07-02T00:51:09.343Z","","Design"
"2750357","2026-07-02T00:51:09.343Z","","Design"
"2750361","2026-07-02T00:51:45.077Z","","Design"
"2750364","2026-07-02T00:53:39.41Z","","Design"
"2750365","2026-07-02T00:53:39.41Z","","Design"
"2750366","2026-07-02T00:53:39.41Z","","Design"
"2750367","2026-07-02T00:53:39.41Z","","Design"
"2750417","2026-07-02T01:29:54.923Z","","Design"
"2750418","2026-07-02T01:29:54.923Z","","Design"
"2750419","2026-07-02T01:29:54.923Z","","Design"
"2750420","2026-07-02T01:29:54.923Z","","Design"
"2750421","2026-07-02T01:29:54.923Z","","Design"
"2750422","2026-07-02T01:29:54.923Z","","Design"
"2750423","2026-07-02T01:29:54.923Z","","Design"
"2750424","2026-07-02T01:29:54.923Z","","Design"
"2750425","2026-07-02T01:29:54.923Z","","Design"
"2750426","2026-07-02T01:29:54.923Z","","Design"
"2750427","2026-07-02T01:29:54.923Z","","Design"
"2750428","2026-07-02T01:29:54.923Z","","Design"
"2750429","2026-07-02T01:29:54.923Z","","Design"
"2750430","2026-07-02T01:29:54.923Z","","Design"
"2750431","2026-07-02T01:29:54.923Z","","Design"
"2750432","2026-07-02T01:29:54.923Z","","Design"
"2750433","2026-07-02T01:29:54.923Z","","Design"
"2750434","2026-07-02T01:29:54.923Z","","Design"
"2750435","2026-07-02T01:29:54.923Z","","Design"
"2750436","2026-07-02T01:29:54.923Z","","Design"
"2750437","2026-07-02T01:29:54.923Z","","Design"
"2750438","2026-07-02T01:29:54.923Z","","Design"
"2750439","2026-07-02T01:29:54.923Z","","Design"
"2750440","2026-07-02T01:29:54.923Z","","Design"
"2750441","2026-07-02T01:29:54.923Z","","Design"
"2750442","2026-07-02T01:29:54.923Z","","Design"
"2750443","2026-07-02T01:29:54.923Z","","Design"
"2750444","2026-07-02T01:29:54.923Z","","Design"
"2750445","2026-07-02T01:29:54.923Z","","Design"
"2750446","2026-07-02T01:29:54.923Z","","Design"
"2750447","2026-07-02T01:29:54.923Z","","Design"
"2750448","2026-07-02T01:29:54.923Z","","Design"
"2750449","2026-07-02T01:29:54.923Z","","Design"
"2750450","2026-07-02T01:29:54.923Z","","Design"
"2750451","2026-07-02T01:29:54.923Z","","Design"
"2750452","2026-07-02T01:29:54.923Z","","Design"
"2750453","2026-07-02T01:29:54.923Z","","Design"
"2750454","2026-07-02T01:29:54.923Z","","Design"
"2750455","2026-07-02T01:29:54.923Z","","Design"
"2750456","2026-07-02T01:29:54.923Z","","Design"
"2750457","2026-07-02T01:29:54.923Z","","Design"
"2750458","2026-07-02T01:29:54.923Z","","Design"
"2750459","2026-07-02T01:29:54.923Z","","Design"
"2750460","2026-07-02T01:29:54.923Z","","Design"
"2750461","2026-07-02T01:29:54.923Z","","Design"
"2750462","2026-07-02T01:29:54.923Z","","Design"
"2750463","2026-07-02T01:29:54.923Z","","Design"
"2750464","2026-07-02T01:29:54.923Z","","Design"
"2750465","2026-07-02T01:29:54.923Z","","Design"
"2783669","2026-07-06T23:13:42.193Z","","Design"
"2783670","2026-07-06T23:13:42.193Z","","Design"
"2783671","2026-07-06T23:13:42.193Z","","Design"
"2783672","2026-07-06T23:13:42.193Z","","Design"
"2783673","2026-07-06T23:13:42.193Z","","Design"
"2783674","2026-07-06T23:13:42.193Z","","Design"
"2783675","2026-07-06T23:13:42.193Z","","Design"
"2783676","2026-07-06T23:13:42.193Z","","Design"
"2783677","2026-07-06T23:13:42.193Z","","Design"
"2783678","2026-07-06T23:13:42.193Z","","Design"
"2783679","2026-07-06T23:13:42.193Z","","Design"
"2783680","2026-07-06T23:13:42.193Z","","Design"
"2783681","2026-07-06T23:13:42.193Z","","Design"
"2783682","2026-07-06T23:13:42.193Z","","Design"
"2783683","2026-07-06T23:13:42.193Z","","Design"
"2783684","2026-07-06T23:13:42.193Z","","Design"
"2783685","2026-07-06T23:13:42.193Z","","Design"
"2783686","2026-07-06T23:13:42.193Z","","Design"
"2783687","2026-07-06T23:13:42.193Z","","Design"
"2783688","2026-07-06T23:13:42.193Z","","Design"
"2783689","2026-07-06T23:13:42.193Z","","Design"
"2783690","2026-07-06T23:13:42.193Z","","Design"
"2783691","2026-07-06T23:13:42.193Z","","Design"
"2783692","2026-07-06T23:13:42.193Z","","Design"
"2783693","2026-07-06T23:13:42.193Z","","Design"
"2783694","2026-07-06T23:13:42.193Z","","Design"
"2783695","2026-07-06T23:13:42.193Z","","Design"
"2783696","2026-07-06T23:13:42.193Z","","Design"
"2783697","2026-07-06T23:13:42.193Z","","Design"
"2783698","2026-07-06T23:13:42.193Z","","Design"
"2783699","2026-07-06T23:13:42.193Z","","Design"
"2783700","2026-07-06T23:13:42.193Z","","Design"
"2783701","2026-07-06T23:13:42.193Z","","Design"
"2783702","2026-07-06T23:13:42.193Z","","Design"
"2783703","2026-07-06T23:13:42.193Z","","Design"
"2783704","2026-07-06T23:13:42.193Z","","Design"
"2783705","2026-07-06T23:13:42.193Z","","Design"
"2783706","2026-07-06T23:13:42.193Z","","Design"
"2783707","2026-07-06T23:13:42.193Z","","Design"
"2783708","2026-07-06T23:13:42.193Z","","Design"
"2783709","2026-07-06T23:13:42.193Z","","Design"
"2783710","2026-07-06T23:13:42.193Z","","Design"
"2783711","2026-07-06T23:13:42.193Z","","Design"
"2783712","2026-07-06T23:13:42.193Z","","Design"
"2783713","2026-07-06T23:13:42.193Z","","Design"
"2783714","2026-07-06T23:13:42.193Z","","Design"
"2783715","2026-07-06T23:13:42.193Z","","Design"
"2783716","2026-07-06T23:13:42.193Z","","Design"
"2783717","2026-07-06T23:13:42.193Z","","Design"
"2783718","2026-07-06T23:13:42.193Z","","Design"
"2783719","2026-07-06T23:28:47.887Z","","Design"
"2783719","2026-08-19T13:02:26.343Z","Design","Ready"
"2783721","2026-07-06T23:41:05.21Z","","Design"
"2783721","2026-08-17T22:56:33.16Z","Design","Ready"
"2783722","2026-07-06T23:41:05.21Z","","Design"
"2783722","2026-08-17T22:57:00.543Z","Design","Ready"
"2783723","2026-07-06T23:41:05.21Z","","Design"
"2783723","2026-08-17T22:58:01.75Z","Design","Ready"
"2783724","2026-07-06T23:41:05.21Z","","Design"
"2783724","2026-08-17T22:58:16.11Z","Design","Ready"
"2783725","2026-07-06T23:41:05.21Z","","Design"
"2783725","2026-08-17T22:58:25.003Z","Design","Ready"
"2783726","2026-07-06T23:41:05.21Z","","Design"
"2783726","2026-08-17T22:58:32.393Z","Design","Ready"
"2783727","2026-07-06T23:41:05.21Z","","Design"
"2783727","2026-08-17T22:58:41.327Z","Design","Ready"
"2783729","2026-07-06T23:58:17.6Z","","Design"
"2783729","2026-09-09T03:18:45.457Z","Design","Ready"
"2783730","2026-07-06T23:58:17.6Z","","Design"
"2783731","2026-07-06T23:58:17.6Z","","Design"
"2783731","2026-09-14T23:57:00.45Z","Design","Ready"
"2783732","2026-07-06T23:58:17.6Z","","Design"
"2783732","2026-09-14T23:57:10.403Z","Design","Ready"
"2783733","2026-07-06T23:58:17.6Z","","Design"
"2783734","2026-07-06T23:58:17.6Z","","Design"
"2783734","2026-09-14T23:57:16.977Z","Design","Ready"
"2783735","2026-07-06T23:58:17.6Z","","Design"
"2783736","2026-07-06T23:58:17.6Z","","Design"
"2783737","2026-07-06T23:58:17.6Z","","Design"
"2783738","2026-07-06T23:58:17.6Z","","Design"
"2783738","2026-09-14T23:59:58.01Z","Design","Ready"
"2783739","2026-07-06T23:58:17.6Z","","Design"
"2783740","2026-07-06T23:58:17.6Z","","Design"
"2783740","2026-09-14T23:59:58.01Z","Design","Ready"
"2783741","2026-07-06T23:58:17.6Z","","Design"
"2783741","2026-09-14T23:59:58.01Z","Design","Ready"
"2783742","2026-07-06T23:58:17.6Z","","Design"
"2783742","2026-09-14T23:59:58.01Z","Design","Ready"
"2783743","2026-07-06T23:58:17.6Z","","Design"
"2783744","2026-07-06T23:58:17.6Z","","Design"
"2783745","2026-07-06T23:58:17.6Z","","Design"
"2783746","2026-07-06T23:58:17.6Z","","Design"
"2783747","2026-07-06T23:58:17.6Z","","Design"
"2783748","2026-07-06T23:58:17.6Z","","Design"
"2783749","2026-07-06T23:58:17.6Z","","Design"
"2783750","2026-07-06T23:58:17.6Z","","Design"
"2783751","2026-07-06T23:58:17.6Z","","Design"
"2783752","2026-07-06T23:58:17.6Z","","Design"
"2783753","2026-07-06T23:58:17.6Z","","Design"
"2783754","2026-07-06T23:58:17.6Z","","Design"
"2783755","2026-07-06T23:58:17.6Z","","Design"
"2783756","2026-07-06T23:58:17.6Z","","Design"
"2783756","2026-09-14T23:59:58.01Z","Design","Ready"
"2783757","2026-07-06T23:58:17.6Z","","Design"
"2783757","2026-09-14T23:59:58.01Z","Design","Ready"
"2783758","2026-07-06T23:58:17.6Z","","Design"
"2783759","2026-07-06T23:58:17.6Z","","Design"
"2783760","2026-07-06T23:58:17.6Z","","Design"
"2783761","2026-07-06T23:58:17.6Z","","Design"
"2783762","2026-07-06T23:58:17.6Z","","Design"
"2783763","2026-07-06T23:58:17.6Z","","Design"
"2783763","2026-09-14T23:59:58.01Z","Design","Ready"
"2783764","2026-07-06T23:58:17.6Z","","Design"
"2783764","2026-09-14T23:59:58.01Z","Design","Ready"
"2783765","2026-07-06T23:58:17.6Z","","Design"
"2783765","2026-09-14T23:59:58.01Z","Design","Ready"
"2783766","2026-07-06T23:58:17.6Z","","Design"
"2783766","2026-09-14T23:59:58.01Z","Design","Ready"
"2783767","2026-07-06T23:58:17.6Z","","Design"
"2783768","2026-07-06T23:58:17.6Z","","Design"
"2783770","2026-07-06T23:58:17.6Z","","Design"
"2783771","2026-07-06T23:58:17.6Z","","Design"
"2783772","2026-07-06T23:58:17.6Z","","Design"
"2798282","2026-07-11T12:12:07.243Z","","Design"
"2798283","2026-07-11T12:12:07.243Z","","Design"
"2798283","2026-09-14T23:59:58.01Z","Design","Ready"
"2804969","2026-07-15T09:00:35.27Z","","Design"
"2804969","2026-08-11T01:14:18.347Z","Design","Ready"
"2804969","2026-09-15T08:05:04.467Z","Ready","Design"
"2804971","2026-07-15T09:00:35.27Z","","Design"
"2804971","2026-08-11T01:14:18.347Z","Design","Ready"
"2804972","2026-07-15T09:00:35.27Z","","Design"
"2804972","2026-08-11T01:14:18.347Z","Design","Ready"
"2804973","2026-07-15T09:00:35.27Z","","Design"
"2804973","2026-08-11T01:14:18.347Z","Design","Ready"
"2804975","2026-07-15T09:00:35.27Z","","Design"
"2804975","2026-08-11T01:14:18.347Z","Design","Ready"
"2804980","2026-07-15T09:00:35.27Z","","Design"
"2804980","2026-08-11T01:14:18.347Z","Design","Ready"
"2804984","2026-07-15T09:00:35.27Z","","Design"
"2804984","2026-08-11T01:14:18.347Z","Design","Ready"
"2804984","2026-09-15T08:04:55.243Z","Ready","Design"
"2804985","2026-07-15T09:00:35.27Z","","Design"
"2804985","2026-08-11T01:14:18.347Z","Design","Ready"
"2804986","2026-07-15T09:00:35.27Z","","Design"
"2804986","2026-08-11T01:14:18.347Z","Design","Ready"
"2804988","2026-07-15T09:00:35.27Z","","Design"
"2804988","2026-08-11T01:14:18.347Z","Design","Ready"
"2804989","2026-07-15T09:00:35.27Z","","Design"
"2804989","2026-08-11T01:14:18.347Z","Design","Ready"
"2804992","2026-07-15T09:00:35.27Z","","Design"
"2804992","2026-08-11T01:14:18.347Z","Design","Ready"
"2804993","2026-07-15T09:00:35.27Z","","Design"
"2804993","2026-08-11T01:14:18.347Z","Design","Ready"
"2804994","2026-07-15T09:00:35.27Z","","Design"
"2804994","2026-08-11T01:14:18.347Z","Design","Ready"
"2804996","2026-07-15T09:00:35.27Z","","Design"
"2804996","2026-08-11T01:14:18.347Z","Design","Ready"
"2804997","2026-07-15T09:00:35.27Z","","Design"
"2804997","2026-08-11T01:14:18.347Z","Design","Ready"
"2804998","2026-07-15T09:00:35.27Z","","Design"
"2804998","2026-08-11T01:14:18.347Z","Design","Ready"
"2804999","2026-07-15T09:00:35.27Z","","Design"
"2804999","2026-08-11T01:14:18.347Z","Design","Ready"
"2805000","2026-07-15T09:00:35.27Z","","Design"
"2805000","2026-08-11T01:14:18.347Z","Design","Ready"
"2805001","2026-07-15T09:00:35.27Z","","Design"
"2805001","2026-08-11T01:14:18.347Z","Design","Ready"
"2805002","2026-07-15T09:00:35.27Z","","Design"
"2805002","2026-08-11T01:14:18.347Z","Design","Ready"
"2805004","2026-07-15T09:00:35.27Z","","Design"
"2805004","2026-08-11T01:14:18.347Z","Design","Ready"
"2805005","2026-07-15T09:00:35.27Z","","Design"
"2805005","2026-08-11T01:14:18.347Z","Design","Ready"
"2805006","2026-07-15T09:00:35.27Z","","Design"
"2805006","2026-08-11T01:14:18.347Z","Design","Ready"
"2805006","2026-09-15T08:05:26.97Z","Ready","Design"
"2805007","2026-07-15T09:00:35.27Z","","Design"
"2805007","2026-08-11T01:14:18.347Z","Design","Ready"
"2805015","2026-07-15T09:00:35.27Z","","Design"
"2805015","2026-08-11T01:14:18.347Z","Design","Ready"
"2805020","2026-07-15T09:00:48.85Z","","Design"
"2805020","2026-08-11T01:14:18.347Z","Design","Ready"
"2805022","2026-07-15T09:00:48.85Z","","Design"
"2805022","2026-08-11T01:14:18.347Z","Design","Ready"
"2805024","2026-07-15T09:00:59.043Z","","Design"
"2805024","2026-08-11T01:14:18.347Z","Design","Ready"
"2805024","2026-09-15T08:05:46.697Z","Ready","Design"
"2805025","2026-07-15T09:00:59.043Z","","Design"
"2805025","2026-08-11T01:14:18.347Z","Design","Ready"
"2805028","2026-07-15T09:00:59.043Z","","Design"
"2805028","2026-08-11T01:14:18.347Z","Design","Ready"
"2805029","2026-07-15T09:00:59.043Z","","Design"
"2805029","2026-08-11T01:14:18.347Z","Design","Ready"
"2805033","2026-07-15T09:01:07.593Z","","Design"
"2805033","2026-08-11T01:14:18.347Z","Design","Ready"
"2805035","2026-07-15T09:01:22.143Z","","Design"
"2805035","2026-08-11T01:14:18.347Z","Design","Ready"
"2805038","2026-07-15T09:01:29.543Z","","Design"
"2805038","2026-08-11T01:14:18.347Z","Design","Ready"
"2805039","2026-07-15T09:01:29.543Z","","Design"
"2805039","2026-08-11T01:14:18.347Z","Design","Ready"
"2805042","2026-07-15T09:01:58.373Z","","Design"
"2805042","2026-08-11T01:14:18.347Z","Design","Ready"
"2805043","2026-07-15T09:01:58.373Z","","Design"
"2805043","2026-08-11T01:14:18.347Z","Design","Ready"
"2805044","2026-07-15T09:01:58.373Z","","Design"
"2805044","2026-08-11T01:14:18.347Z","Design","Ready"
"2805046","2026-07-15T09:02:14.05Z","","Design"
"2805046","2026-08-11T01:14:18.347Z","Design","Ready"
"2817141","2026-07-21T00:34:32.927Z","","Design"
"2817141","2026-07-30T06:18:37.3Z","Design","Ready"
"2817142","2026-07-21T00:34:42.667Z","","Design"
"2817142","2026-07-30T06:18:45.33Z","Design","Ready"
"2817254","2026-07-21T00:44:30.757Z","","Design"
"2817254","2026-08-17T23:28:40.07Z","Design","Ready"
"2817255","2026-07-21T00:44:30.757Z","","Design"
"2817255","2026-08-17T23:28:40.07Z","Design","Ready"
"2817256","2026-07-21T00:44:30.757Z","","Design"
"2817256","2026-08-17T23:28:40.07Z","Design","Ready"
"2817257","2026-07-21T00:44:30.757Z","","Design"
"2817257","2026-08-17T23:28:40.07Z","Design","Ready"
"2817258","2026-07-21T00:44:30.757Z","","Design"
"2817258","2026-08-17T23:28:40.07Z","Design","Ready"
"2817259","2026-07-21T00:44:30.757Z","","Design"
"2817259","2026-08-17T23:28:40.07Z","Design","Ready"
"2817260","2026-07-21T00:44:30.757Z","","Design"
"2817260","2026-08-17T23:28:40.07Z","Design","Ready"
"2817261","2026-07-21T00:44:30.757Z","","Design"
"2817261","2026-08-17T23:28:40.07Z","Design","Ready"
"2817262","2026-07-21T00:44:30.757Z","","Design"
"2817262","2026-08-17T23:28:40.07Z","Design","Ready"
"2817263","2026-07-21T00:44:30.757Z","","Design"
"2817263","2026-08-17T23:28:40.07Z","Design","Ready"
"2817264","2026-07-21T00:44:30.757Z","","Design"
"2817264","2026-08-17T23:28:40.07Z","Design","Ready"
"2817265","2026-07-21T00:44:30.757Z","","Design"
"2817265","2026-08-17T23:28:40.07Z","Design","Ready"
"2817266","2026-07-21T00:44:30.757Z","","Design"
"2817266","2026-08-17T23:28:40.07Z","Design","Ready"
"2817267","2026-07-21T00:44:30.757Z","","Design"
"2817267","2026-08-17T23:28:40.07Z","Design","Ready"
"2817268","2026-07-21T00:44:30.757Z","","Design"
"2817268","2026-08-17T23:28:40.07Z","Design","Ready"
"2817269","2026-07-21T00:44:30.757Z","","Design"
"2817269","2026-08-17T23:28:40.07Z","Design","Ready"
"2817270","2026-07-21T00:44:30.757Z","","Design"
"2817270","2026-08-17T23:28:40.07Z","Design","Ready"
"2817271","2026-07-21T00:44:30.757Z","","Design"
"2817271","2026-08-17T23:28:40.07Z","Design","Ready"
"2817272","2026-07-21T00:44:30.757Z","","Design"
"2817272","2026-08-17T23:28:40.07Z","Design","Ready"
"2817273","2026-07-21T00:44:30.757Z","","Design"
"2817273","2026-08-17T23:28:40.07Z","Design","Ready"
"2817274","2026-07-21T00:44:30.757Z","","Design"
"2817274","2026-08-17T23:28:40.07Z","Design","Ready"
"2817275","2026-07-21T00:44:30.757Z","","Design"
"2817275","2026-08-17T23:28:40.07Z","Design","Ready"
"2817277","2026-07-21T00:44:49.577Z","","Design"
"2817277","2026-08-17T23:28:40.07Z","Design","Ready"
"2817278","2026-07-21T00:44:49.577Z","","Design"
"2817278","2026-08-17T23:28:40.07Z","Design","Ready"
"2817279","2026-07-21T00:44:49.577Z","","Design"
"2817279","2026-08-17T23:28:40.07Z","Design","Ready"
"2817280","2026-07-21T00:44:49.577Z","","Design"
"2817280","2026-08-17T23:28:40.07Z","Design","Ready"
"2817281","2026-07-21T00:44:49.577Z","","Design"
"2817281","2026-08-17T23:28:40.07Z","Design","Ready"
"2817282","2026-07-21T00:44:49.577Z","","Design"
"2817282","2026-08-17T23:28:40.07Z","Design","Ready"
"2817283","2026-07-21T00:44:49.577Z","","Design"
"2817283","2026-08-17T23:28:40.07Z","Design","Ready"
"2817284","2026-07-21T00:44:49.577Z","","Design"
"2817284","2026-08-17T23:28:40.07Z","Design","Ready"
"2817285","2026-07-21T00:44:49.577Z","","Design"
"2817285","2026-08-17T23:28:40.07Z","Design","Ready"
"2817286","2026-07-21T00:44:49.577Z","","Design"
"2817286","2026-08-17T23:28:40.07Z","Design","Ready"
"2817287","2026-07-21T00:44:49.577Z","","Design"
"2817287","2026-08-17T23:28:40.07Z","Design","Ready"
"2817288","2026-07-21T00:44:49.577Z","","Design"
"2817288","2026-08-17T23:28:40.07Z","Design","Ready"
"2817289","2026-07-21T00:44:49.577Z","","Design"
"2817289","2026-08-17T23:28:40.07Z","Design","Ready"
"2817290","2026-07-21T00:45:02.043Z","","Design"
"2817290","2026-08-17T23:28:40.07Z","Design","Ready"
"2817291","2026-07-21T00:45:02.043Z","","Design"
"2817291","2026-08-17T23:28:40.07Z","Design","Ready"
"2817292","2026-07-21T00:45:02.043Z","","Design"
"2817292","2026-08-17T23:28:40.07Z","Design","Ready"
"2817293","2026-07-21T00:45:02.043Z","","Design"
"2817293","2026-08-17T23:28:40.07Z","Design","Ready"
"2817294","2026-07-21T00:45:02.043Z","","Design"
"2817294","2026-08-17T23:28:40.07Z","Design","Ready"
"2817295","2026-07-21T00:45:02.043Z","","Design"
"2817295","2026-08-17T23:28:40.07Z","Design","Ready"
"2817296","2026-07-21T00:45:02.043Z","","Design"
"2817296","2026-08-17T23:28:40.07Z","Design","Ready"
"2817297","2026-07-21T00:45:02.043Z","","Design"
"2817297","2026-08-17T23:28:40.07Z","Design","Ready"
"2817298","2026-07-21T00:45:02.043Z","","Design"
"2817298","2026-08-17T23:28:40.07Z","Design","Ready"
"2817299","2026-07-21T00:45:02.043Z","","Design"
"2817299","2026-08-17T23:28:40.07Z","Design","Ready"
"2817300","2026-07-21T00:45:02.043Z","","Design"
"2817300","2026-08-17T23:28:40.07Z","Design","Ready"
"2817301","2026-07-21T00:45:02.043Z","","Design"
"2817301","2026-08-17T23:28:40.07Z","Design","Ready"
"2817302","2026-07-21T00:45:02.043Z","","Design"
"2817302","2026-08-17T23:28:40.07Z","Design","Ready"
"2817303","2026-07-21T00:45:02.043Z","","Design"
"2817303","2026-08-17T23:28:40.07Z","Design","Ready"
"2817304","2026-07-21T00:45:02.043Z","","Design"
"2817304","2026-08-17T23:28:40.07Z","Design","Ready"
"2817305","2026-07-21T00:45:02.043Z","","Design"
"2817305","2026-08-17T23:28:40.07Z","Design","Ready"
"2817306","2026-07-21T00:45:02.043Z","","Design"
"2817306","2026-08-17T23:28:40.07Z","Design","Ready"
"2817307","2026-07-21T00:45:02.043Z","","Design"
"2817307","2026-08-17T23:28:40.07Z","Design","Ready"
"2817308","2026-07-21T00:45:02.043Z","","Design"
"2817308","2026-08-17T23:28:40.07Z","Design","Ready"
"2817309","2026-07-21T00:45:02.043Z","","Design"
"2817309","2026-08-17T23:28:40.07Z","Design","Ready"
"2817310","2026-07-21T00:45:02.043Z","","Design"
"2817310","2026-08-17T23:28:40.07Z","Design","Ready"
"2817311","2026-07-21T00:45:02.043Z","","Design"
"2817311","2026-08-17T23:28:40.07Z","Design","Ready"
"2817312","2026-07-21T00:45:02.043Z","","Design"
"2817312","2026-08-17T23:28:40.07Z","Design","Ready"
"2817313","2026-07-21T00:45:02.043Z","","Design"
"2817313","2026-08-17T23:28:40.07Z","Design","Ready"
"2817314","2026-07-21T00:45:02.043Z","","Design"
"2817314","2026-08-17T23:28:40.07Z","Design","Ready"
"2817315","2026-07-21T00:45:02.043Z","","Design"
"2817315","2026-08-17T23:28:40.07Z","Design","Ready"
"2817316","2026-07-21T00:45:02.043Z","","Design"
"2817316","2026-08-17T23:28:40.07Z","Design","Ready"
"2817317","2026-07-21T00:45:02.043Z","","Design"
"2817317","2026-08-17T23:28:40.07Z","Design","Ready"
"2817318","2026-07-21T00:45:02.043Z","","Design"
"2817318","2026-08-17T23:28:40.07Z","Design","Ready"
"2817319","2026-07-21T00:45:02.043Z","","Design"
"2817319","2026-08-17T23:28:40.07Z","Design","Ready"
"2817320","2026-07-21T00:45:02.043Z","","Design"
"2817320","2026-08-17T23:28:40.07Z","Design","Ready"
"2817321","2026-07-21T00:45:02.043Z","","Design"
"2817321","2026-08-17T23:28:40.07Z","Design","Ready"
"2817322","2026-07-21T00:45:02.043Z","","Design"
"2817322","2026-08-17T23:28:40.07Z","Design","Ready"
"2817352","2026-07-21T02:34:13.503Z","","Design"
"2817352","2026-08-17T23:20:05.24Z","Design","Ready"
"2817353","2026-07-21T02:34:13.503Z","","Design"
"2817353","2026-08-17T23:20:14.587Z","Design","Ready"
"2817354","2026-07-21T02:34:13.503Z","","Design"
"2817354","2026-08-17T23:20:24.977Z","Design","Ready"
"2817355","2026-07-21T02:34:13.503Z","","Design"
"2817355","2026-08-17T23:20:33.803Z","Design","Ready"
"2817356","2026-07-21T02:34:13.503Z","","Design"
"2817356","2026-08-17T23:20:42.143Z","Design","Ready"
"2817357","2026-07-21T02:34:13.503Z","","Design"
"2817357","2026-08-17T23:20:58.317Z","Design","Ready"
"2817358","2026-07-21T02:34:13.503Z","","Design"
"2817358","2026-08-17T23:21:07.917Z","Design","Ready"
"2817359","2026-07-21T02:34:13.503Z","","Design"
"2817359","2026-08-17T23:21:17.173Z","Design","Ready"
"2817360","2026-07-21T02:34:13.503Z","","Design"
"2817360","2026-08-17T23:21:24.16Z","Design","Ready"
"2817361","2026-07-21T02:34:13.503Z","","Design"
"2817361","2026-08-17T23:21:30.617Z","Design","Ready"
"2817362","2026-07-21T02:34:13.503Z","","Design"
"2817362","2026-08-17T23:21:38.067Z","Design","Ready"
"2817363","2026-07-21T02:34:13.503Z","","Design"
"2817363","2026-08-17T23:21:45.46Z","Design","Ready"
"2817364","2026-07-21T02:34:13.503Z","","Design"
"2817364","2026-08-17T23:22:06.89Z","Design","Ready"
"2817365","2026-07-21T02:34:13.503Z","","Design"
"2817365","2026-08-17T23:22:18.217Z","Design","Ready"
"2817366","2026-07-21T02:34:13.503Z","","Design"
"2817366","2026-08-17T23:22:35.353Z","Design","Ready"
"2817367","2026-07-21T02:34:13.503Z","","Design"
"2817367","2026-08-17T23:22:46.897Z","Design","Ready"
"2817368","2026-07-21T02:34:13.503Z","","Design"
"2817368","2026-08-17T23:22:53.85Z","Design","Ready"
"2817369","2026-07-21T02:34:13.503Z","","Design"
"2817369","2026-08-17T23:23:03.133Z","Design","Ready"
"2817370","2026-07-21T02:34:13.503Z","","Design"
"2817370","2026-08-17T23:23:09.557Z","Design","Ready"
"2817371","2026-07-21T02:34:13.503Z","","Design"
"2817371","2026-08-17T23:23:16.473Z","Design","Ready"
"2817372","2026-07-21T02:34:13.503Z","","Design"
"2817372","2026-08-17T23:23:25.667Z","Design","Ready"
"2817373","2026-07-21T02:34:13.503Z","","Design"
"2817373","2026-08-17T23:23:35.703Z","Design","Ready"
"2817374","2026-07-21T02:34:13.503Z","","Design"
"2817374","2026-08-17T23:23:45.103Z","Design","Ready"
"2817375","2026-07-21T02:34:13.503Z","","Design"
"2817375","2026-08-17T23:23:54.307Z","Design","Ready"
"2817376","2026-07-21T02:34:13.503Z","","Design"
"2817376","2026-08-17T23:24:04.09Z","Design","Ready"
"2817377","2026-07-21T02:34:13.503Z","","Design"
"2817377","2026-08-17T23:24:10.48Z","Design","Ready"
"2817378","2026-07-21T02:34:13.503Z","","Design"
"2817378","2026-08-17T23:24:17.693Z","Design","Ready"
"2817379","2026-07-21T02:34:13.503Z","","Design"
"2817379","2026-08-17T23:24:27.65Z","Design","Ready"
"2817380","2026-07-21T02:34:13.503Z","","Design"
"2817380","2026-08-17T23:24:36.943Z","Design","Ready"
"2817381","2026-07-21T02:34:13.503Z","","Design"
"2817381","2026-08-17T23:24:46.077Z","Design","Ready"
"2817382","2026-07-21T02:34:13.503Z","","Design"
"2817382","2026-08-17T23:26:28.653Z","Design","Ready"
"2817383","2026-07-21T02:34:13.503Z","","Design"
"2817383","2026-08-17T23:26:28.653Z","Design","Ready"
"2817384","2026-07-21T02:34:13.503Z","","Design"
"2817384","2026-08-17T23:26:28.653Z","Design","Ready"
"2817385","2026-07-21T02:34:26.617Z","","Design"
"2817385","2026-08-17T23:26:28.653Z","Design","Ready"
"2817386","2026-07-21T02:34:26.617Z","","Design"
"2817386","2026-08-17T23:26:28.653Z","Design","Ready"
"2817387","2026-07-21T02:34:26.617Z","","Design"
"2817387","2026-08-17T23:26:28.653Z","Design","Ready"
"2817388","2026-07-21T02:34:26.617Z","","Design"
"2817388","2026-08-17T23:26:28.653Z","Design","Ready"
"2817389","2026-07-21T02:34:26.617Z","","Design"
"2817389","2026-08-17T23:26:28.653Z","Design","Ready"
"2817390","2026-07-21T02:34:26.617Z","","Design"
"2817390","2026-08-17T23:26:28.653Z","Design","Ready"
"2817391","2026-07-21T02:34:26.617Z","","Design"
"2817391","2026-08-17T23:26:28.653Z","Design","Ready"
"2817392","2026-07-21T02:34:26.617Z","","Design"
"2817392","2026-08-17T23:26:28.653Z","Design","Ready"
"2817393","2026-07-21T02:34:26.617Z","","Design"
"2817393","2026-08-17T23:26:28.653Z","Design","Ready"
"2817394","2026-07-21T02:34:26.617Z","","Design"
"2817394","2026-08-17T23:26:28.653Z","Design","Ready"
"2817395","2026-07-21T02:34:26.617Z","","Design"
"2817395","2026-08-17T23:26:28.653Z","Design","Ready"
"2817396","2026-07-21T02:34:26.617Z","","Design"
"2817396","2026-08-17T23:26:28.653Z","Design","Ready"
"2817397","2026-07-21T02:34:26.617Z","","Design"
"2817397","2026-08-17T23:26:28.653Z","Design","Ready"
"2817398","2026-07-21T02:34:37.897Z","","Design"
"2817398","2026-08-17T23:26:28.653Z","Design","Ready"
"2817399","2026-07-21T02:34:37.897Z","","Design"
"2817399","2026-08-17T23:26:28.653Z","Design","Ready"
"2817400","2026-07-21T02:34:37.897Z","","Design"
"2817400","2026-08-17T23:26:28.653Z","Design","Ready"
"2817401","2026-07-21T02:34:37.897Z","","Design"
"2817401","2026-08-17T23:26:28.653Z","Design","Ready"
"2817402","2026-07-21T02:34:37.897Z","","Design"
"2817402","2026-08-17T23:26:28.653Z","Design","Ready"
"2817403","2026-07-21T02:34:37.897Z","","Design"
"2817403","2026-08-17T23:26:28.653Z","Design","Ready"
"2817404","2026-07-21T02:34:37.897Z","","Design"
"2817404","2026-08-17T23:26:28.653Z","Design","Ready"
"2817405","2026-07-21T02:34:37.897Z","","Design"
"2817405","2026-08-17T23:26:28.653Z","Design","Ready"
"2817406","2026-07-21T02:34:37.897Z","","Design"
"2817406","2026-08-17T23:26:28.653Z","Design","Ready"
"2817407","2026-07-21T02:34:37.897Z","","Design"
"2817407","2026-08-17T23:26:28.653Z","Design","Ready"
"2817408","2026-07-21T02:34:37.897Z","","Design"
"2817408","2026-08-17T23:26:28.653Z","Design","Ready"
"2817409","2026-07-21T02:34:37.897Z","","Design"
"2817409","2026-08-17T23:26:28.653Z","Design","Ready"
"2817410","2026-07-21T02:34:37.897Z","","Design"
"2817410","2026-08-17T23:26:28.653Z","Design","Ready"
"2817411","2026-07-21T02:34:37.897Z","","Design"
"2817411","2026-08-17T23:26:28.653Z","Design","Ready"
"2817412","2026-07-21T02:34:37.897Z","","Design"
"2817412","2026-08-17T23:26:28.653Z","Design","Ready"
"2817413","2026-07-21T02:34:37.897Z","","Design"
"2817413","2026-08-17T23:26:28.653Z","Design","Ready"
"2817414","2026-07-21T02:34:37.897Z","","Design"
"2817414","2026-08-17T23:26:28.653Z","Design","Ready"
"2817415","2026-07-21T02:34:37.897Z","","Design"
"2817415","2026-08-17T23:26:28.653Z","Design","Ready"
"2817416","2026-07-21T02:34:37.897Z","","Design"
"2817416","2026-08-17T23:26:28.653Z","Design","Ready"
"2817417","2026-07-21T02:34:37.897Z","","Design"
"2817417","2026-08-17T23:26:28.653Z","Design","Ready"
"2817418","2026-07-21T02:34:37.897Z","","Design"
"2817418","2026-08-17T23:26:28.653Z","Design","Ready"
"2817419","2026-07-21T02:34:37.897Z","","Design"
"2817419","2026-08-17T23:26:28.653Z","Design","Ready"
"2828050","2026-07-29T04:09:15.42Z","","Design"
"2828050","2026-09-02T02:28:57.663Z","Design","Ready"
"2828050","2026-09-09T00:11:43.557Z","Ready","Design"
"2832775","2026-08-04T07:16:45.133Z","","Design"
"2832775","2026-09-01T10:32:53.593Z","Design","Ready"
"2850459","2026-08-17T18:53:39.953Z","","Design"
"2850460","2026-08-17T18:53:39.953Z","","Design"
"2850461","2026-08-17T18:53:39.953Z","","Design"
"2850462","2026-08-17T18:53:39.953Z","","Design"
"2850463","2026-08-17T18:53:39.953Z","","Design"
"2850464","2026-08-17T18:53:39.953Z","","Design"
"2850465","2026-08-17T18:53:39.953Z","","Design"
"2850466","2026-08-17T18:53:39.953Z","","Design"
"2850467","2026-08-17T18:53:39.953Z","","Design"
"2850468","2026-08-17T18:53:39.953Z","","Design"
"2850469","2026-08-17T18:53:39.953Z","","Design"
"2850470","2026-08-17T18:53:39.953Z","","Design"
"2850471","2026-08-17T18:53:39.953Z","","Design"
"2850472","2026-08-17T18:53:39.953Z","","Design"
"2850473","2026-08-17T18:53:39.953Z","","Design"
"2850474","2026-08-17T18:53:39.953Z","","Design"
"2850475","2026-08-17T18:53:39.953Z","","Design"
"2850476","2026-08-17T18:53:39.953Z","","Design"
"2850477","2026-08-17T18:53:39.953Z","","Design"
"2850478","2026-08-17T18:53:39.953Z","","Design"
"2850479","2026-08-17T18:53:39.953Z","","Design"
"2850480","2026-08-17T18:53:39.953Z","","Design"
"2850481","2026-08-17T18:53:39.953Z","","Design"
"2850482","2026-08-17T18:53:39.953Z","","Design"
"2850483","2026-08-17T18:53:39.953Z","","Design"
"2850484","2026-08-17T18:53:39.953Z","","Design"
"2850485","2026-08-17T18:53:39.953Z","","Design"
"2850486","2026-08-17T18:53:56.507Z","","Design"
"2850487","2026-08-17T18:53:56.507Z","","Design"
"2850488","2026-08-17T18:53:56.507Z","","Design"
"2850489","2026-08-17T18:53:56.507Z","","Design"
"2850490","2026-08-17T18:53:56.507Z","","Design"
"2850491","2026-08-17T18:53:56.507Z","","Design"
"2850492","2026-08-17T18:53:56.507Z","","Design"
"2850493","2026-08-17T18:53:56.507Z","","Design"
"2850494","2026-08-17T18:53:56.507Z","","Design"
"2850495","2026-08-17T18:53:56.507Z","","Design"
"2850496","2026-08-17T18:53:56.507Z","","Design"
"2850497","2026-08-17T18:53:56.507Z","","Design"
"2850498","2026-08-17T18:53:56.507Z","","Design"
"2850499","2026-08-17T18:53:56.507Z","","Design"
"2850500","2026-08-17T18:53:56.507Z","","Design"
"2850501","2026-08-17T18:53:56.507Z","","Design"
"2850502","2026-08-17T18:53:56.507Z","","Design"
"2850503","2026-08-17T18:53:56.507Z","","Design"
"2850504","2026-08-17T18:53:56.507Z","","Design"
"2850505","2026-08-17T18:53:56.507Z","","Design"
"2850506","2026-08-17T18:53:56.507Z","","Design"
"2850507","2026-08-17T18:53:56.507Z","","Design"
"2850508","2026-08-17T18:53:56.507Z","","Design"
"2850509","2026-08-17T18:53:56.507Z","","Design"
"2850510","2026-08-17T18:53:56.507Z","","Design"
"2850511","2026-08-17T18:53:56.507Z","","Design"
"2850512","2026-08-17T18:53:56.507Z","","Design"
"2857338","2026-08-25T07:31:04.037Z","","Design"
"2857353","2026-08-25T07:31:24.927Z","","Design"
"2865683","2026-09-02T03:52:46.06Z","","Design"
"2865683","2026-09-02T03:54:37.577Z","Design","Ready"
"2865690","2026-09-02T03:54:05.027Z","","Design"
"2865690","2026-09-02T03:54:45.31Z","Design","Ready"
"2870095","2026-09-08T06:36:49.553Z","","Design"
"2870095","2026-09-10T01:37:36.21Z","Design","Ready"
"2870752","2026-09-08T16:02:39.52Z","","Design"
"2870753","2026-09-08T16:02:55.343Z","","Design"
"2871246","2026-09-08T23:54:50.02Z","","Design"
"2871257","2026-09-09T00:23:26.25Z","","Design"
"2871257","2026-09-09T03:20:46.533Z","Design","Ready"
"2871259","2026-09-09T00:23:48.683Z","","Design"
"2871259","2026-09-15T00:32:46.903Z","Design","Ready"
"2871260","2026-09-09T00:24:06.93Z","","Design"
"2871260","2026-09-15T00:32:38.337Z","Design","Ready"
"2871261","2026-09-09T00:24:20.57Z","","Design"
"2871261","2026-09-15T00:32:29.27Z","Design","Ready"
"2872519","2026-09-10T01:38:35.54Z","","Design"
"2872519","2026-09-10T01:38:38.613Z","Design","Ready"
"2872521","2026-09-10T01:44:22.647Z","","Design"
"2872521","2026-09-10T01:44:27.77Z","Design","Ready"
"2872584","2026-09-10T03:34:30.51Z","","Design"
"2872585","2026-09-10T03:34:57.623Z","","Design"
